first_name,last_name,university,gpa
Tonie,Navaro,St. Petersburg State University of Telecommunication,2.03
Mylo,Helian,Universitas Mercu Buana,2.25
Rosalia,Blindmann,Adama Science and Technology University,3.77
Broddie,Londesborough,New Era University,2.08
Lorinda,Oswell,Osaka University of Health and Sport Sciences,2.86
Eleni,Vuittet,Philippine Normal University,3.6
Sharity,Labdon,Forest Research Institute Dehradun,2.1
Merrill,Credland,Universidade do Vale do Itajaí,2.94
L;urette,Pedden,West Coast University (WCU) ,2.48
Laural,Elderkin,St. Petersburg StateMechnikov  Medical Academy,3.73
Madalyn,Merigot,Escuela Colombiana de Carreras Industriales,2.15
Harlie,Benne,Columbia International University,2.68
Ayn,Poynter,Kitami Institute of Technology,3.21
Kendrick,Giovanizio,Universidad Nacional de Lanus,3.49
Riki,Jimes,Alaska Bible College,3.14
Ware,Colly,Universidad Libre de Costa Rica,2.2
Jo-anne,Greve,Al Ahlia University,2.78
Erena,Canty,Syrian Virtual University,2.87
Dodi,Fleg,University of Applied Sciences Solothurn Northwestern Switzerland,2.34
Maggie,Borne,Universitas Brawijaya,3.3
Chad,Sutterfield,Nanjing Institute of Meteorology,3.58
Dorene,Ivatts,Antioch University,2.34
Steve,Kosel,Columbia International University,3.57
Idelle,Scothorn,Central America Health Sciences University (Belize Medical College),3.49
Sherlock,Quayle,Kwantleen University College,3.63
Abraham,Meldon,Poznan University of Life Sciences,2.5
Karole,Klulicek,Catholic University in Ružomberok,3.64
Ellene,Roma,Texas Woman's University,2.41
Francesca,Bloom,Ecole Supérieure d'Ingénieurs en Electronique et Electrotechnique,3.27
Cedric,Grasser,Cukurova University,3.29
Milty,Rawsen,Dhaka International University,2.55
Maurine,Crake,Universidade Eduardo Mondlane,2.34
Mendie,Mardle,Clarion University,2.41
Ester,Bottomer,North Carolina School of the Arts,2.11
Melli,Brightie,Oxford Brookes University,3.77
Hewett,Kassel,Jalalabad State University Kyrgyzstan,2.57
Marchall,Hazelden,Darul Huda Islamic University,3.87
Colline,Gerrell,Higher Institute of Business Administration,2.65
Herman,Isakovitch,College of New Caledonia,3.92
Crin,Glyssanne,Eugene Bible College,2.92
Charles,Bearcroft,Universitas 17 Agustus 1945 Jakarta,2.29
Con,Rontree,Agricultural University of Poznan,2.46
Bartlett,Leibold,Senzoku Gakuen College,3.71
Nev,Hulse,Chongqing University of Technology,2.14
Gunilla,Fullylove,Polytechnic University,2.71
Clyve,Dulson,Universidade do Extremo Sul Catarinense,3.53
Buddie,Hawkey,Universidad Tecnológica Metropolitana,2.14
Vivienne,Bruckman,United States Coast Guard Academy,3.1
Aldwin,Menure,Western State University College of Law - Orange County,3.58
Gilly,Merrikin,St. Francis Xavier University,3.47
Michal,Diess,Centro Universitário de Araraquara,2.21
Lina,Vearnals,Pennsylvania State University - Altoona,2.79
Jacqueline,Charnick,Silpakorn University,2.62
Mattie,Skiggs,Jiangxi Normal University,2.33
Guinna,Cadalleder,Universitas Negeri Yogyakarta,2.84
Billye,Crosse,Brescia University,2.15
Chiarra,Wilmot,Singidunum University,3.41
Elie,Boote,Mohammad Ali Jinnah University,3.99
Mirelle,McNae,Charisma University,3.02
Meghann,Skaif,Hanshin University,3.68
Whitney,Dekeyser,University of Baltimore,2.88
Floria,Kermode,Fatima mata national college kollam kerala,3.28
Pansy,Dankersley,Hong Kong Polytechnic University,2.04
Martita,McGowran,East Kazakstan State Technical University,3.91
Cece,Cawkwell,Universidad Abierta Para Adultos,2.93
Consuelo,Noblet,Adam Mickiewicz University of Poznan,3.97
Nomi,Deavall,Spertus Institute of Jewish Studies,3.18
Alex,Neenan,University of St. Andrews,3.07
Benedict,O'Quin,University of Worcester,2.79
Ingram,Rehor,University of Jos,2.42
Anne,O'Crotty,Kanazawa College of Economics,2.5
Minnie,Farge,Technical University of Crete,2.59
Laney,Delacote,Instituto Politécnico de Beja,3.24
Reeta,Buncom,Libyan International Medical University (LIMU),2.74
Vasili,Scholes,University of Alexandra Dubček in Trenčín,3.03
Marcellus,Whetnall,Higher Institute of Business Administration,2.34
Ivett,Danielkiewicz,Academia de Studii Economice din Bucuresti,3.11
Nicol,Inskipp,Universitas Darma Persada,2.04
Ailbert,Worstall,University College of Gävle,2.06
Tilly,Chene,Gyeongsang National University,3.45
Lodovico,Plaister,Technological University (Mandalay),3.55
Isabeau,Tilt,Xiangtan Normal University,2.03
Vincent,Micklem,Universidade Internacional Lisboa,2.17
Muriel,Croisdall,Dumlupinar University,3.13
Jedidiah,Saberton,Evangelische Hochschule für Soziale Arbeit Dresden (FH),2.82
Concordia,Shawell,Ecole des Hautes Etudes Commerciales du Nord,2.51
Lindsey,London,Mazandaran University of Iran,2.43
Benedetto,Dayce,Sohar University,3.93
Amandie,Cardinale,Adventist University of Central Africa,3.15
Kelby,Scotson,Pennsylvania State University - Abington,2.65
Judye,Mattussevich,Massachusetts School of Professional Psychology,3.98
Margarete,Strand,National Taipei University,3.32
Anton,Gardener,Pacifica Graduate Institute,3.5
Perl,Izakoff,Universidad Fray Luca Paccioli,2.58
Jo,Garlette,Universidad Nacional del Altiplano,3.26
Cullen,Schrir,Örebro University,3.26
Harriot,Jellicorse,Gunma Prefectural Women's University,2.19
Larina,McKeeman,University of the West Indies St. Augustine,3.2
Mollee,Hevey,University of Kabianga,2.65
Sebastiano,Klich,Tokyo Metropolitan University,2.09
Merissa,Garrett,Gandhigram Rural Institute,2.97
Blanche,Holcroft,Osmania University,3.5
Ayn,Lambart,"Florida Metropolitan University, Tampa College Brandon",2.94
Sorcha,Gunston,College of Telecommunication & Information ,3.11
Reiko,Thumann,Universidad de Guadalajara,3.88
Kassi,Aizikovitch,University of Strathclyde,2.77
Selia,Lestrange,Seijo University,3.22
Shawn,Hares,Tietgen Business College,3.02
Chrissy,Coffey,Changchun Teachers College,2.05
Nissie,Geldeard,University of Lucerne,2.84
Betta,Mahony,University of Wisconsin - Stout,3.73
Stafani,Rupp,Université de Reims Champagne-Ardenne,2.21
Freedman,Meller,Pyramid Education Center,2.38
Tiff,Keepin,University of Salerno,3.61
Jessey,Gregoraci,New York Medical College,3.59
Lorie,Eadon,Asian Institute of Technology,3.8
Florie,Saintsbury,University of Texas at Tyler,3.5
Beck,Doyley,International Centre for Isclamic Science,2.76
Georgeta,Sarge,Al Rasheed University College,3.15
Holden,Girodier,Kanazawa Institute of Technology,2.79
Bentley,Tremble,Kent State University - Tuscarawas,3.95
Kendal,Face,Sichuan Agricultural University,2.22
Maria,Heinsh,St. Petersburg State University of Culture and Arts,2.68
Burl,Semrad,Hiram College,3.5
Robbin,Jaine,International University for Graduate Studies,2.64
Suki,Axton,University of Technology - Iraq,3.74
Emery,Dunbavin,Batterjee Medical College,2.64
Mozes,Kunat,Azusa Pacific University,2.25
Meg,Haswell,"St.James's School of Medicine, Bonaire",3.24
Margaretta,Paddock,Fachhochschule Schmalkalden,3.18
Livia,Shutler,Kanazawa College of Art,3.86
Mile,Ferrand,Shiraz University of Technology,3.08
Marney,Mottershaw,Ecole Centrale de Lyon,2.67
Forster,Puttnam,Oregon Graduate Institute of Science and Technology,2.12
Mellisa,Caldayrou,Miyagi Gakuin Women's College,2.11
Alidia,Dumbar,Westfälische Wilhelms-Universität Münster,3.77
Joellen,Drillingcourt,University of Opole,3.47
Corina,Taplow,Nigerian Turkish Nile University,2.51
Lucia,Shouler,Beijing Polytechnic University,2.42
Thaine,Escale,St. Mary's College of California,2.92
Imogen,Penniall,Illinois Institute of Technology,3.88
Fifine,Gildersleaves,College of Telecommunication & Information ,3.18
Baryram,Batstone,Hankuk Aviation University,2.67
Hedy,Viney,Hannam University,3.27
Corrie,Kynett,Academia Nacional Superior de Orquesta,3.92
Farr,Jeanel,Stockholm School of Economics in Riga,3.85
Marlowe,Riccardi,National University,3.54
Cally,McNess,Universidad de Nariño,3.37
Ursa,Olczak,Louisiana State University at Alexandria,3.26
Legra,Yerbury,Tamil University,2.5
Shawnee,Doyley,Indian Board of Alternative Medicine,2.24
Ianthe,Esbrook,Beijing University of Posts and Telecommunications,2.5
Gaelan,Normanton,CCS Haryana Agricultural University,2.69
Mendie,Fieldsend,Novosibirsk State Medical Academy,2.87
Janene,Dacre,Cavendish University,3.46
Jere,Stronge,East China University of Science and Technology,3.66
Jean,Kliemke,"Islamic Azad University, Fars Science & Research Branch",2.23
Persis,Buttrum,Visvesvaraya National Institute of Technology,2.52
Irena,Lipson,Myongji University,3.32
Katey,Lewzey,Universitas Mercu Buana,3.52
Kaylyn,Urlich,University of Gujrat,2.63
Melisa,Balderstone,East China Jiao Tong University,2.47
Barbey,Beller,Institute of Business & Technology,3.59
Betta,Waith,Universität Bremen,2.67
Celine,Kruse,Maryville University of St. Louis,3.28
Gratiana,Damrel,Technical University of Sofia,3.18
Alicia,Ert,University of Medicine and Pharmacy of Iasi,2.68
Barbey,Awcock,Université de Kikwite,2.9
Alexis,Keymer,Hamilton College,2.17
Cristiano,Decaze,Southwestern College Santa Fe,2.16
D'arcy,Narey,Birmingham City University,3.1
Ardelle,McPeck,University of Verona,2.49
Mahmoud,Naisbitt,Universidad de Especialidades Turísticas ,2.84
Penelopa,Haversham,Ecole Polytechnique,2.57
Shanan,Dibley,Roosevelt University,2.05
Torey,Merit,Private College of Dentistry and Pharmacy,2.41
Tamarah,Omar,University of Belize,2.67
Nicoli,Giacomo,Faculdade Italo Brasileira,3.74
Brina,Hoffman,Ferdowsi University of Mashhad,2.77
Heida,Lancaster,Universidad Torcuato di Tella,3.04
Janis,McCallister,Universidad de Ciencias Aplicadas y Ambientales (UDCA),2.58
Hilton,Glossup,"Hogeschool voor Wetenschap en Kunst (VLEKHO), Brussel",2.5
Calley,Furminger,University of Southern Indiana,3.69
Kirsten,Janota,University of Canberra,3.85
Ola,Boays,Universidad Autonoma de Chiriqui,2.91
Claudio,Beevens,Sauder School of Business,2.01
Lyle,Smallman,University of the Philippines Visayas,2.69
Abagail,Hulburt,St. Clair College,2.22
Trude,Tournie,Bashkir State Medical University,3.42
Niles,Knevit,Universidad del Bío-Bío,2.01
Jamill,Tredgold,University of South Carolina - Spartanburg,3.81
Sheff,Duthie,Universidad El Bosque,2.44
Aldous,Stolze,Tokai Women's College,3.31
Junina,Osmant,Le Moyne College,3.57
Tally,De La Cote,Eastern Connecticut State University,3.32
Philomena,Haddock,Universität Köln,3.75
Daffie,Jorden,Istanbul Ticaret University,3.04
Diana,Rawe,Hanoi University of Science,3.35
Chryste,Bridel,Tafila Technical University ,3.99
Clark,Hovenden,Tianjin Normal University,2.44
Rafaellle,Saill,Université de Douala,3.58
Kendre,Nesbit,Otto-Friedrich Universität Bamberg,2.06
Garald,Charrett,Huaihua Radio and Television University,2.75
Sigrid,Spight,Al-Wataniya Private University,2.01
Lewes,Coleman,University of Warsaw,2.94
Shawna,Jehaes,Sevastopol National Technical University,2.08
Edlin,Lincoln,Universidad Nacional Autónoma de México,3.91
Ariadne,Ricardin,Universidad de Hermosillo,2.44
Stacee,Casellas,Radford University,2.67
Gustavo,Kenrick,Perm State University,3.4
Flossi,Andrzej,Ecole Nationale Supérieure de Physique de Strasbourg,3.82
Idette,Skermer,Universidad Pablo de Olavide,2.18
Giorgio,Studdal,Tehran University of Teacher Training,2.42
Auroora,Meacher,Calvary Bible College,2.44
Anderea,Blant,Pillsbury Baptist Bible College,3.41
Fredra,Sketcher,Southeast University,3.35
Dionis,Slimme,Korea Maritime University,2.15
Gaile,Tunn,St. Mary's University,3.16
Daryl,Rudiger,Ithaca College,2.48
Geoffry,Brockington,Universitas Wijaya Kusuma Purwokerto,2.19
Naomi,Leynham,Universidad Católica Anselmo Llorente,3.06
Markos,Spratley,Universidad Nacional de San Cristóbal de Huamanga,2.25
Gilbertina,Tybalt,"Florida Metropolitan University, Tampa College",3.99
Dee dee,Booth,Texas A&M University,3.02
Mariann,Ogan,California Maritime Academy,3.62
Gil,Fold,University of Alaska - Southeast,2.14
Thekla,MacColm,Ecole Supérieure des Techniques Industrielles et des Textiles,2.42
Lemmy,Jacks,Universidad Autónoma de Campeche,2.03
Ronna,Slatten,Wayo Women's University,3.96
Carmel,Jackson,Washington and Lee University,3.0
Corny,Graalmans,Universidad Adventista de Centro América,2.99
Miof mela,Glasgow,"Instituto de Artes Visuais, Design e Marketing - IADE",3.23
Clarie,Kille,Quantum-Veritas International University,2.56
Pace,Pendlebury,Universidad Catolica del Maule,3.29
Kata,Bonnette,Trakya University,3.89
Mignonne,Rogan,Universidad Ricardo Palma,2.9
Pamela,Ashburne,The Scripps Research Institute,3.05
Georgette,Venturoli,Universidad Tecnologica Israel,3.49
Olly,Hanlin,University of Parma,4.0
Jorgan,Brixey,Lampang Vocational College   ,3.96
Ferdie,Jeskin,Pädagogische Hochschule Erfurt/Mühlhausen,3.84
Dorolice,Circuitt,Iqra University,2.81
Odo,Gyngell,Ecole Nationale Supérieur d'Ingénieurs de Constructions Aéronautique,3.65
Artus,Durtnel,Nizhny Novgorod State Technical University,2.26
Barbaraanne,Kesey,Brandon University,2.91
Turner,Baylay,Guilford College,2.92
Eve,Sommerton,Xinjiang Agriculture University,3.1
Shanta,Fransemai,Adamson University,3.14
Elspeth,Devanny,King Faisal University,2.48
Dugald,Pedlow,Middlesex University,3.25
Lothario,Vail,Hannan University,2.72
Alfonse,Bramont,Bucknell University,2.33
Jayson,Reeders,Centre Universitaire de Tebessa,3.3
Bili,Harrowell,Rostov State Medical University,3.59
Pattin,McQuin,Emmanuel College,2.38
Marlyn,Flamank,IT University of Copenhagen,2.82
Theodore,Quidenham,Vladimir State University,3.45
Sheff,Ginman,University of Verona,2.3
Tomi,Baythrop,Caribbean University,3.7
Carlene,Rastall,Sheridan College,2.48
Bronson,Trayling,Le Moyne College,3.72
Shandy,Torritti,Hanoi University of Architecture,2.71
Lucais,Mairs,Universität Erfurt,2.89
Halsey,Grinham,Southern California Institute of Architecture,3.94
Una,Garlette,University of Nevada - Reno,2.8
Ichabod,Brogden,Universidade Castelo Branco,2.12
Murielle,Noweak,Visva-Bharati University,2.65
Emilia,Rutherfoord,Palestine Technical College-Dier Elbalah,3.81
Rhetta,De Haven,"Universidad Pedagógica ""José Martí"", Camagüey",2.65
Chalmers,Dredge,Instituto Superior de Línguas e Administração,3.42
Silvester,Boner,Afeka Tel Aviv Academic College of Engineering,3.89
Ashil,Sher,"Academy of Performing Arts, Film and TV Fakulty",3.01
Dorry,Ludmann,Tarim University,2.66
Amery,Domek,Lakshmibai National Institute of Physical Education,2.67
Urbanus,Lammerts,Diaconia University of Applied Sciences,2.22
Salem,Nana,Vilnius University,3.11
Reggy,Teese,University of the Cordilleras,2.62
Leandra,Thominga,Detroit College of Business - Flint,3.11
Joby,Bendin,Universidade Federal de Ouro Preto,2.74
Moore,Baynard,Widener University,3.41
Rex,de Chastelain,Harokopio University,2.82
Paxton,Streak,South Valley University,3.86
Yurik,Orteau,Universidad de Ciego de Avila,3.18
Leslie,Ughini,Memphis College of Art,2.83
Clementia,Rogerson,Detroit College of Business,3.57
Phaidra,Frantsev,Dnepropetrovsk National University of Railway Transport,3.49
Guglielma,Walmsley,Marquette University,2.1
Merry,Osichev,Nakhchivan State University,2.65
Karleen,Rays,Universidad Juárez del Estado de Durango,3.01
Jennee,Kinnie,Urmia University of Medical Sciences,3.06
Wilie,Eglise,Shaheed Zulifkar Ali Bhutto Institute of Science and Technology,3.76
Logan,Tzar,Huron University College,3.35
Scotti,Strooband,Hochschule Bremerhaven,3.66
Queenie,Revely,Fachhochschule Kaiserslautern,2.29
Sara-ann,Gilders,Northrise University,3.58
Irvine,Ramet,Victoria University of Wellington,2.08
Wallie,Scatchar,University of New South Wales,3.39
Sorcha,M'Quhan,MCI-Management Center Innsbruck,2.36
Layne,Grinyov,Kalmyk State University,3.52
Isiahi,Luna,Hafencity Universität Hamburg,3.86
Kynthia,Burchatt,Tuva State University,2.51
Jackelyn,Duddell,Osaka City University,2.82
Ermina,Delgaty,B. S. Abdur Rahman University,3.57
Kacey,Titcom,Universidade Paulista,2.84
Adriana,Shyres,Ecole Nationale Supérieure d'Electronique et de Radioelectricite de Bordeaux,2.31
Neysa,Purvess,Tibet Tibetan Medical College,3.81
Robenia,Hirtz,Universidad Nacional Experimental de Guayana,3.33
Catina,Goodbody,"Instituto de Artes Visuais, Design e Marketing - IADE",3.88
Francyne,Betz,New York Instiute of Technology,3.37
Myrilla,Chittie,University of Sierra Leone,2.32
Ardenia,Hendrix,Aga Khan University,2.39
Birgit,Lemme,Komar University of Science and Technology,2.55
Lombard,Frankcombe,Universidad de La Habana,3.01
Cody,McGuckin,Milwaukee Institute of Art and Design,2.4
Marcile,Byles,University of Sulaimania (Kurdistan Region),2.16
Annalise,Alphege,Universidad de Valparaiso,2.93
Jerrilyn,Craft,Technical University of Bialystok,2.72
Loren,Gyrgorcewicx,Rak Medical & Health Sciences University,3.18
Maybelle,Vernazza,King Saud University,3.51
Hurley,Wadly,Universidad Centroamericana,3.05
Leisha,Swyre,AISECT University,3.46
Gaelan,Casolla,Weill Medical College of Cornell University,3.47
Dulcine,Hutsby,University of Redlands,3.5
Elise,Jiras,Norwich University,2.29
Cynthea,Pelchat,Gulbarga University,2.65
Clifford,Halpine,Tui Online University,3.99
Zandra,Aleksandrikin,Karnatak University,2.46
Carola,Gaywood,Eastern University,2.92
Jerald,Trubshawe,St. Petersburg State Forest-Technical Academy,3.92
Dale,Huff,The New School,3.45
Sosanna,Van Brug,Oklahoma Christian University,3.67
Bunny,Barnwall,Rider University,3.53
Mychal,Saunier,Aichi Prefectural University,3.35
Torrie,Ryott,Karatina University,3.26
Stevana,Berryann,Hochschule für Technik und Wirtschaft des Saarlandes,3.6
Cosimo,McLorinan,Halla University,3.96
Giacomo,Finders,University of NorthWest,2.51
Twila,Mahaddy,West Virginia University,3.91
Charis,Shynn,Universidad Pedagógica Experimental Libertador,3.37
Robert,Bringloe,Ecole Nationale Supérieure de Physique de Strasbourg,2.26
Caesar,Chittenden,Stevens Institute of Technology,3.5
Omar,Daburn,Vali-e-Asr University,2.94
Hetti,De Rye Barrett,Benguet State University,3.98
Gwenni,O' Shea,Kobe Pharmaceutical University,2.46
Kerk,Halleybone,Physical Education Academy in Katowice,3.67
Alexa,Schubuser,Universität Bremen,2.54
Gwen,Goane,"California State University, Fresno",2.08
Lizabeth,Havock,Universidade Internacional Lisboa,2.37
Zulema,Heers,United Arab Emirates University,3.41
Pet,Hadleigh,Hochschule für Jüdische Studien Heidelberg,3.42
Barbara,Hurn,Universidad Tecnológica Equinoccial,2.4
Dru,Tribe,University of Wolverhampton,2.54
Baldwin,Duignan,University of Bradford,2.93
Quintilla,Wilsey,Philosophisch-Theologische Hochschule der Salesianer Don Boscos,2.89
Adele,Houston,Universidad Gabriela Mistral,2.52
Millard,Adcock,Ruprecht-Karls-Universität Heidelberg,3.73
Devina,Ellgood,Fukuyama University,3.39
Lia,Overy,Universidad San Sebastian,2.36
Dickie,Holby,Soochow University,2.93
Xylia,Huey,Universidad Mariano Egaña,3.7
Bink,Ridgway,University of Hawaii - West Oahu,3.5
Gwen,Leguay,Universidad Nacional de San Agustin,3.08
Gregor,Girardini,Cheyney University of Pennsylvania,2.15
Inessa,Grund,University of Wisconsin - Platteville,2.87
Addi,Ducaen,Ecole Nationale Superieure d'Informatique et de Mathematiques Appliquees de Grenoble,3.96
Sky,Rossi,Polish Open University in Warsaw (WSZ/POU),2.01
Corbin,Buckam,Azerbaijan Diplomatic Academy,2.62
Gayelord,Dosdell,Chao Yang University of Science and Technology,3.5
Cayla,Clementet,Fisk University,2.21
Russ,Canellas,Vali-e-Asr University,3.84
Mavra,Hendrich,Southwestern College Santa Fe,2.67
Farica,Longstreeth,Northern Virginia Community College,2.96
Zachariah,Hubeaux,Lewis-Clark State College,3.52
Margareta,Capelen,Lebanon Valley College,2.42
Normand,Statefield,Atyrau State University,3.7
Farra,Nineham,Fordham University,3.16
Sherry,Pilbury,University of Joensuu,2.99
Free,Walentynowicz,Jodhpur National University,3.9
Anissa,Folkerd,University of the Southern Caribbean,3.3
Sela,Dybell,Soai University,3.48
Virginia,Life,Oklahoma Christian University,3.13
Berk,Chetwin,Divine Word College of Legazpi,3.92
Linus,Bass,Pontificia Universidade Católica do Paraná,2.4
Nero,Flye,Dominican University,3.45
Collin,Treneman,"National Museum Institute of History of Art, Conservation and Museology",3.83
Woody,Simmance,B. R. Ambedkar Bihar University,2.68
Berget,Breeze,Phranakhon Si Ayutthaya Rajabhat University,2.94
Bernelle,Magnar,Institut National des Sciences Appliquées de Lyon,3.73
Gaylord,Eingerfield,Birsk State Pedagogical Institute,2.27
Bell,Waite,James Madison University,2.5
Hubie,Brockherst,Umea University,2.25
Brooke,Edmundson,Kettering University (GMI),3.2
Mae,Wyldes,Université Gamal Abdel Nasser de Conakry,2.95
Virgil,Buzine,Illinois Benedictine University,3.39
Kelsey,Sebire,East Texas Baptist University,3.48
Ranee,Aslum,Technical University of Sofia,2.9
Birgit,Sothcott,South University of Science and Technology of China ,2.6
Marsiella,Janovsky,National Ribat University,3.62
Clemmie,Pedlow,Universidad La Salle,3.72
Murdoch,Hastwell,Université Sorbonne-Nouvelle (Paris III),2.94
Jasen,Ruhben,Morningside College,2.52
Ferdie,Twiggs,University of Central Punjab,3.02
Stephen,Lavarack,National Ilan University,3.61
Shellie,Blackham,Simmons College,3.12
Etta,Doumer,Virginia Intermont College,2.71
Adelaida,Ure,Belgorod State Agricultural Academy,2.97
Jackelyn,Binestead,Guru Jambeshwar University,2.57
Vikki,Le Noir,Salve Regina University,2.63
Leesa,Skevington,Berne University,3.15
Sibel,Jizhaki,Shikoku University,2.96
Filip,Boosey,National University of Samoa,3.47
Vivienne,Anfusso,University of Massachusetts at Amherst,2.46
Gerome,Groucutt,Woodbury University,3.67
Early,Lasslett,University of Latvia,3.46
Louise,Hurry,Capilano College,2.05
Caryn,Cockshoot,Dongduk Women's University,3.28
Chaunce,Hudspith,The Global College Lahore,2.98
Clint,Slater,Graduate School of Business Administration Zurich (GSBA Zurich),3.69
Mindy,Flemyng,University of Ancona,3.19
Isidor,Kondrachenko,Universidad San Juan de la Cruz,2.51
Gussie,Longfoot,Tokyo Keizai University,3.44
Diarmid,Garlic,Universidad Católica de Manizales,2.86
Anabel,Kingdom,Nagoya University of Foreign Studies,2.05
Felizio,Toe,Fushun Petroleum University,3.57
Townie,Drivers,Nanjing Medical University,3.83
Kinny,Aleso,Hiroshima Shudo University,2.31
Bogart,Learmonth,Universitas Padjadjaran,3.16
Joscelin,Spikeings,Yunnan University,2.81
Tibold,Knowlden,Newport International University,2.67
Barron,Alforde,University of Ulster,3.82
Chiquita,Barnfather,Nagpur University,3.43
Mandy,Wyatt,Meiji University of Oriental Medicine,3.08
Eldridge,Marl,Najaf Abad University of Applied Science and Technology,2.0
Sheba,Darridon,International University for Graduate Studies,3.76
Adore,Gerriets,Universidad Centro Occidental Lisandro Alvarado,2.46
Emylee,Lerwell,Noakhali University of Science and Technology,2.23
Keane,Hastewell,Hochschule für Internationales Management,2.28
Jaquelyn,Betonia,Technische Fachhochschule Wildau,2.69
Nappie,McTavy,Thainguyen University of Agriculture and Forestry,3.95
Vanda,Suggate,Université de Limoges,2.07
Brnaby,Bemand,Lancaster Bible College,3.03
Jamie,Everall,Universidad Anáhuac del Sur,3.95
Gregg,Cartwright,Moscow External University of the Humanities,3.78
Warren,Muttitt,Guangdong University of Technology,2.52
Averill,Kerans,Konkan Agricultural University,3.07
Karalynn,Newbury,University of Constanta,2.32
Nana,Slatten,Tunku Abdul Rahman Chinese College,3.62
Walt,MacKowle,Tbilisi State Medical University,2.03
Randie,Aronin,"Fachhochschule Kempten, Hochschule für Technik und Wirtschaft",2.56
Roz,Waddoups,California Lutheran University,2.87
Webster,Roches,University of Jos,3.4
Korrie,Arsnell,Da-Yeh University,2.81
Hammad,Ducroe,Université d'Aix-Marseille III,3.61
Aluino,Kupec,Rensselaer Polytechnic Institute,2.23
Ellynn,Robbie,University of Baguio,3.33
Frederique,Woodcock,Universidade Federal de Campina Grande,2.68
Niven,Rome,Southwest University of Science and Technology,3.79
Scotti,Samber,Hansung University Seoul,2.2
Veda,Simko,Universidad Metropolitana Latin Campus,3.9
Dieter,Pether,Kwangju University,2.38
Ernaline,Du Hamel,"Universidad ""Arturo Prat""",2.2
Boothe,Senecaut,Texas Chiropractic College,3.67
Stanton,Bitten,Kazak National Technical University,2.69
Micky,Hunton,Crown College,3.03
Ellette,Van der Kruis,Lake Forest College,2.06
Vale,Whalebelly,Prague International University,2.74
Dagny,Prickett,"Universidad Laica ""Eloy Alfaro"" de Manabi",2.92
Gretna,Kelley,Bergen University College,3.92
Deloria,Puddefoot,Keuka College,3.43
Melloney,Winn,University of Lucerne,3.6
Jorgan,Detloff,Fine Arts Academy in Katowice,2.92
Karlyn,Skerrett,Trinity College of Florida,2.27
Burg,Caldicott,Instituto Piaget,3.28
Mason,Shirtcliffe,University of Rochester,2.23
Harland,de Clerq,Universidad Nacional de Catamarca,3.56
Thorvald,Bullough,Portland Community College,3.79
Raddie,Rosenzveig,Tatung Institute of Technology,3.36
Danny,Whitmore,Minneapolis College of Art and Design,3.01
Burton,Churchward,Hochschule für Gestaltung und Kunst Zürich,2.13
Caresa,Schaffler,Kyushu Sangyo University,3.79
Leora,Bauckham,Montreat College,3.14
Alane,Mathely,Intercollege,3.83
Alexei,Richardsson,North Carolina Wesleyan College,2.46
Minny,Milner,Busoga University,2.64
Earvin,Penhalewick,Instituto Politécnico de Portalegre,3.92
Agathe,Woodes,Daiichi University of Economics,2.9
Eberto,Raxworthy,Aomori Public College,2.02
Marchall,Fragino,Institut Textile et Chimique de Lyon,2.73
Douglas,Scrace,Universitas Pancasakti Tegal,2.33
Emiline,Epine,College of New Rochelle,3.44
Lucine,McGebenay,Vaal University of Technology,3.24
Noell,Bonds,Komsomolsk-on-Amur State Technical University,3.4
Rycca,Phateplace,Charleston Southern University,2.89
Goldarina,Barfoot,Open Polytechnic ,2.78
Koressa,Applegate,College of Charleston,3.68
Verla,Bachura,University of Ulster,2.45
Melvyn,Kenner,Evangel University,2.7
Salomon,Anthona,Edinboro University of Pennsylvania,3.2
Pamella,Galley,Philippine Christian University,2.78
Theresa,Bostick,Wakayama Medical College,3.6
Zoe,Dorian,Ecole Nationale Supérieure d'Arts et Métiers de Paris,3.37
Bert,Lannen,Technological Education Institute of Kalamata,2.04
Cherey,Dovydenas,Ecole Nationale Supérieure d'Agronomie de Montpellier,3.34
Marshall,Hallam,Xi'an International Studies University,3.38
Harry,Cambden,Shandong Medical University,3.49
Allison,Lachaize,Uzima University College ,2.55
Far,Nutley,Aquinas University,3.89
Celinka,Kiffin,Evangelische Fachhochschule Darmstadt,3.95
Hildagarde,Crocroft,Bahrain Polytechnic,2.49
Rebekkah,Sprionghall,Chongju National University of Education,3.49
Stella,Gilfoy,Universidad Nacional de Salta,2.83
Morley,Shutt,Beppu University,3.13
Davina,Waterman,Universidad de las Américas (ULAM),3.21
Jozef,Dumper,Northwest Polytechnical University Xi'an,2.18
Dyane,Vigrass,Universidad de Alcalá de Henares,3.77
Nicolis,Allbon,"American University of the Caribbean, Sint Maarten",2.1
Molly,Batt,State University of New York College at Old Westbury,2.43
Tybalt,New,University of Tampere,3.93
Rodrigo,Schottli,University of Berne,2.27
Glennie,Dmytryk,Kumasi Polytechnic ,2.61
Neale,Fildes,University of Horticulture and Food Industry,3.54
Carlye,Patkin,Universidade da Região da Campanha,2.4
Thaddeus,Catonne,Darul Ihsan University,3.81
Vernice,Smorthwaite,Hoshi University,3.97
Marga,Rubra,Universidad Olmeca,3.39
Ervin,Felgate,Morehouse College,2.12
Gilburt,Haile,Fine Arts Academy in Gdansk,2.47
Ketti,De Mars,"Irish University Business School, Cebu",2.26
Sammy,Latek,Ukrainian Academy of Pharmacy,2.14
Lyell,Cuxson,Jawaharlal Nehru Agricultural University,2.06
Dru,Capel,University of Northumbria at Newcastle,2.38
Sammy,Theobold,Universitas Palangka Raya,3.21
Lorry,Yusupov,South China Normal University,3.78
Pansie,Ducarne,"Fachhochschule Rosenheim, Hochschule für Technik und Wirtschaft",3.81
Consuela,Gelland,Kansas City Art Institute,3.74
Clemence,Trippett,University of Otago,3.03
Kelila,Ambrosetti,Universidad de Alcalá de Henares,3.2
Meredithe,Catonne,Fachhochschule Mainz,3.42
Markos,Cleef,Universiti Tun Abdul Razak,3.07
Indira,Sneller,West Virginia University Institute of Technology,3.51
Hussein,Dumbrall,Mississippi Valley State University,2.17
Isidro,Frankema,Al Ahlia University,3.73
Rasla,Woodes,Universidad San Juan de la Cruz,3.98
Melinda,Leyninye,American Public University,3.03
Pernell,Dottridge,Seigakuin University,3.92
Norry,Russon,Liaocheng Teachers University,2.08
Archie,Zelake,Université de Ouagadougou,2.15
Germain,Braddon,University of Food Technology,2.5
Agnella,Weond,"Indian Institute of Technology, Hyderabad",2.62
Eldridge,Cuseick,Shimer College,2.2
Keriann,Aldridge,"Universidad Interamericana de Puerto Rico, San Germán",3.04
Abel,Wickerson,Binh Duong University,2.02
Zebedee,Cordel,Universidad Latinoamericana de Ciencia y Tecnología,2.22
Caron,Leyton,Pädagogische Hochschule Ludwigsburg,2.9
Laina,Sharples,"Bourgas University ""Prof. Assen Zlatarov""",2.8
Kayne,Carlisle,"National Institute of Technology, Rourkela",2.16
Ashla,Daout,Technische Universität Dresden,2.05
Ruprecht,Osmar,Swinburne University of Technology,3.93
Dell,Goodbarr,Visvesvaraya Technological University,3.43
Petronia,Skates,Technische Universität Bergakademie Freiberg,2.48
Gib,Grugerr,National Taras Shevchenko University of Kiev,2.37
Diana,Cracker,National University of Samoa,2.86
Godard,Spinella,International University of Health and Welfare,3.07
Darnell,Karlicek,Western State University College of Law - Orange County,3.85
Jess,Warden,South Asian University,2.07
Eric,Bickerdicke,University of Westminster,2.53
Basilio,Gregoriou,KBU International College,3.47
Woodman,Eidelman,"Rutgers, The State University of New Jersey - Camden",2.47
Antons,Wennam,Jilin University of Technology,2.21
Emelita,Selwin,"University of Maine, Machias",2.43
Irene,Kimbury,The Scripps Research Institute,3.62
Brigitta,Widdop,Université de Kikwite,2.88
Ora,Rudloff,North University of Baia Mare,3.14
Shea,Threadgall,Nanhua University,3.81
Nanine,Ebbrell,Cambodia University of Specialties,2.51
Jami,Spilsbury,Soka University,3.4
Cyndie,Benfell,Pennsylvania State University - Altoona,3.38
Doll,Pourveer,Akita University of Economics and Law,2.98
Nichole,Climer,Facultés Universitaires Notre-Dame de la Paix,3.75
Laurie,Kimmerling,Estonian University of Life Sciences,2.05
Casey,Ennor,Osaka University of Health and Sport Sciences,3.16
Isabella,Gilleson,University of Western Ontario,2.17
Jobi,Jahn,Valahia University of Targoviste,2.81
Odele,Braven,Lanzhou University,3.77
Chariot,Skokoe,"Universidad de Puerto Rico, Bayamon",3.12
Grant,Dutton,"Curtin University of Technology, Sarawak Campus",3.46
Xylina,McCarlich,Universidad Autónoma del Paraguay,2.26
Wilbur,Robberts,Polytechnic University of the Philippines,3.96
Bret,Whye,Technological University (Maubin),2.02
Modesta,Speachley,Sterling College,2.97
Ardis,Woolaston,Université Paul Valéry (Montpellier III),2.28
Mindy,Glasheen,Universidad Privada Boliviana,3.53
Violet,Lotterington,The Chicago School of Professional Psychology,2.49
Harriott,Petow,Rensselaer Polytechnic Institute,3.87
Naomi,Branigan,Universitas Negeri Malang,2.29
Davina,Niece,"Royal Danish Academy of Fine Arts, School of Architecture",3.13
Steffane,Maddox,University of Lucerne,2.93
Arda,Balazs,Universidad Técnica Estatal de Quevedo,2.83
Glyn,Goodrick,Université Paul Valéry (Montpellier III),2.83
Felita,Rosso,Sonoda Women's University,3.98
Bettye,Parkinson,Universidad Nacional de Lanus,2.23
Abner,Karslake,Catholic University of Lublin,3.87
Shellysheldon,Whal,"Institute of Classical Studies, University of London",2.63
Lawrence,Foulser,Oregon Health Sciences University,3.46
Carole,Standell,University of Hartford,2.53
Ruggiero,Casaro,Coventry University,3.48
Cassie,Fleming,ITT Technical Institute Fort Wayne,2.37
Codie,Wardhough,Zia-ud-Din Medical University,3.26
Sylas,Rickarsey,Aikoku Gakuen University,2.09
Fonsie,Bafford,Tierärztliche Hochschule Hannover,3.84
Winona,Flye,Wellspring University,3.71
Chloe,Molloy,Northwood University,3.12
Bronnie,Charity,Université Chouaib Doukkali,3.03
Roxanna,Geal,Ningxia University,2.93
Rosanne,Woliter,"California State University, Long Beach",2.19
Courtnay,Quiddington,"Instituto Nacional de Educación Física ""General Manuel Belgrano""",3.24
Babita,Langforth,Azerbaijan State Oil Academy,3.89
Victoria,Orrill,Universidade Fernando Pessoa,3.91
Annice,Gerkens,Dominion College,3.03
Remy,Allans,Wollega University,2.13
Edd,Taylder,Shimer College,3.1
Chancey,Oughton,Ben-Gurion University of the Negev,2.84
Philippine,Fredi,Milwaukee Institute of Art and Design,3.04
Deena,Jopp,Fahad Bin Sultan University,3.86
Edna,Constantine,"Institute of Teachers Education, Kota Bharu",2.86
Jewelle,Egleton,University of Macerata,3.4
Perry,Muston,Araullo University,2.57
Wynn,Lobley,Huaihai Institute of Technology,3.42
Natty,Seyler,St. Thomas University,2.06
Hugh,Jurasz,Université Ibn Toufail,3.47
Johnette,Fitchet,Universidad Justo Sierra,2.29
Orbadiah,Dybald,College of Telecommunication & Information ,3.93
Vonnie,Tumilty,Instituto Tecnológico de Morelia,3.77
Addy,Hinks,Pontifícia Universidade Católica de Minas Gerais,3.21
Gabriella,Saxon,Abia State Polytechnic,2.27
Katerine,Featherbie,Tashkent Pharmaceutical Institute,3.27
Dael,Happel,Utkal University,3.36
Ida,Vint,Universidad Católica Argentina Santa Maria de los Buenos Aires,2.64
Guntar,Cromar,Fukuoka Women's University,2.6
Nance,Jencken,"École nationale d'administration publique, Université du Québec",2.54
Nancey,Root,University of Akureyri,2.44
Blaine,Scaice,Kankakee Community College,2.73
Lindsy,Tschiersch,Rajarata University of Sri Lanka,3.14
Dexter,Zanicchi,"Rasmussen College, Wisconsin Campuses",3.07
Duke,Grivori,Hitec University,2.96
Webster,Westwick,Université Quisqueya,2.34
Janean,Bowld,Universidad Autónoma del Paraguay,3.46
Ransell,Gillbey,Ecole Nationale Supérieure Electricité et Mécanique,3.96
Fielding,Manwell,University of Applied Sciences Chur,3.78
Kendra,Orris,Anhui Medical University,2.83
Olimpia,Loxton,Technological University (Magway),2.62
Roseanne,des Remedios,University of Peloponnese,3.7
Othilie,Boyne,Universidad de Carabobo,3.49
Ondrea,Streeting,"European Graduate School, Media & Communications",2.62
Gladys,Jossum,Wuhan University of Hydraulic and Electric Engineering,2.39
Yorgo,Boyne,Eastern Oregon University,2.75
Ray,Lutton,Universidade Estadual de Feira de Santana,3.55
Quinton,Cecere,"Hochschule Harz, Hochschule für angewandte Wissenschaften (FH)",2.35
Violetta,Thornborrow,University of Illinois at Chicago,2.01
Abner,Locksley,Banking University of Ho Chi Minh City,3.52
Bran,Gartell,University of the District of Columbia,2.07
Amelia,Tennant,East China University of Science and Technology,3.83
Darlene,Clementi,Caucasus University,3.64
Etienne,Crickmoor,Southwest University of Finance and Economics,3.26
Dinah,Brekonridge,Kassala University,3.61
Paulie,Gronowe,Fachhochschule Merseburg,3.26
Cherilynn,Coghlan,Christopher Newport University,2.47
Benito,Critoph,"Islamic Azad University, Khorasgan",3.25
Sibelle,Chilvers,Lafayette College,2.97
Terri,Mathews,Visva-Bharati University,3.3
Weber,Wraight,Southern New Hampshire University,2.14
Con,Bygreaves,Ithaca College,2.41
Eydie,Gallaher,Tashkent University of Information Technologies,2.75
Guthry,Brandel,Hebei United University,3.52
Una,Gianetti,Ecole Centrale de Lyon,3.56
Alexandrina,Rolf,Kasem Bundit University,2.58
Stanwood,Brunon,Tbilisi State Medical University,3.72
Xena,Somerset,Salem University,2.15
Granthem,Shone,University of Information Technology and Management in Rzeszow,3.51
Lillian,Tanton,Universidad Iberoamericana de Ciencia y Tecnologia,2.49
Nancy,Henrys,Royal Danish Academy of Music,2.71
Anestassia,Presdee,Universidad del Istmo,3.47
Helen,Uvedale,Western University,3.62
Maryann,Bates,"Royal Danish Academy of Fine Arts, School of Architecture",3.71
Jemie,Beckitt,Universidad Central,3.6
Teodoor,Kornousek,Universität Lüneburg,2.47
Land,Dansken,Southern Wesleyan University,2.92
Cybil,Hendron,Universidad Nacional de Ucayali,3.15
Cherry,Ishak,Ecole Nationale Supérieure de Physique de Strasbourg,3.25
Harriott,Zellner,Mimasaka Women's College,3.8
Hilliary,Heighway,University of Bradford,2.39
Lane,Sukbhans,Urumqi Vocational University,2.6
Selma,Neesham,Baker College of Owosso,2.15
Ruthie,Daniel,Nagoya University,3.22
Trev,Greedyer,Taylor's University College,2.67
Conant,Knotton,Lawrence Technological University,2.94
June,Mudge,Ecole Centrale de Lille,2.38
Gian,McCalum,Moscow State Institute of Steel and Alloys,3.89
Buddie,Hurton,Instituto Superior de Informática e Gestão,3.32
Fitzgerald,Keightley,Sulaimani Polytechnic University,3.99
Marchelle,Mansel,Sanaag University of Science and Technology,3.03
Fair,Safont,Universidad de la Marina Mercante,3.41
Larine,Rosser,University Oil- Gas Ploiesti,3.59
Filippo,Matis,University of Applied Sciences Aargau,3.41
Kamillah,Avrasin,Fiji National University ,3.71
Cortney,Calvey,"Concordia University, River Forest",3.2
Daisi,Christall,Southern Illinois University at Edwardsville,3.46
Jakie,Tilston,Université de Liège,2.86
Marilee,Blenkharn,Gulf Medical University,2.31
Marcella,Lamp,Ajou University,2.05
Carlita,Thomerson,Tallinn University,2.46
Bale,Marmon,Universidade Ibirapuera,2.36
Jacinthe,Dies,University of Debrecen ,3.87
Jarad,Slessor,Samford University,2.45
Sandie,Brame,University of Peshawar,2.41
Nyssa,Manders,Universidad Galileo,3.58
Bari,Briffett,Greensboro College,3.72
Simon,Camillo,Technical University of Zielona Gora,3.63
Gorden,Arents,British University in Dubai,2.68
Aidan,Largan,Universidad Autónoma de Ciudad Juárez,2.84
Harmonie,Lamerton,Universidad Católica de Santa María,2.79
Georgie,Umpleby,"Florida Metropolitan University, Fort Lauderdale College",3.07
Dud,Shakesbye,University of Hull,2.86
Pepita,Skittrall,University of Mary,2.48
Tamqrah,Kibbey,University of the Philippines Baguio,3.46
Murdock,Rollin,Osaka University of Pharmaceutical Sciences,3.16
Emily,Ryal,University of Lancaster,3.88
Kevyn,Doerr,University of Redlands,2.09
Rusty,Eddowes,Universidad Interamericana,3.94
Ariel,Orehead,Universidad de Antioquía,3.92
Cate,Elia,Fachhochschule St. Pölten,2.18
Towny,Pashby,Merrimack College,2.48
Dre,Carlill,Universidad Rural de Guatemala,2.26
Erica,Learmont,Universidad Autónoma de Occidente,2.69
Margy,Dwight,University of Agriculture Makurdi,3.29
Serge,Birchill,University of Agriculture Abeokuta,3.69
Cacilia,Kohtler,National University of Modern Languages,2.72
Walden,Joslow,Holy Cross College,3.4
Karen,Sumption,Lamphun College of Agriculture and Technology,2.48
Anthea,Cudmore,Panteios University of Economics and Political Sciences Athens,3.7
Jyoti,Jaquest,Oklahoma State University - Tulsa,3.07
Cris,Perton,"Florida Metropolitan University, Tampa College Brandon",3.27
Arthur,McAulay,Chongqing Telecommunication College,2.95
Dre,Kendell,Nagoya Gakuin University,2.88
Maxine,Shackell,Letourneau University,2.8
Antonin,Clemes,University of El Imam El Mahdi University,2.77
Sapphira,Simmins,Aljouf University,3.54
Dennison,Puttan,Tuva State University,3.49
Noah,Pechet,Inner Mongolia Normal University,3.64
Barris,Dummett,Agricultural-Technical Academy in Olsztyn,3.52
Athena,Polo,Universidad Nacional Santiago Antúnez de Mayolo,3.38
Val,Willavize,Holy Spirit University of Kaslik,3.43
Gavrielle,Fortin,"Academy of International Economic and Political Relations, Gdynia",2.43
Kristin,Kemsley,Osmangazi University,3.67
Alfie,Sillito,Al Mansour University College,3.27
Dani,Wolfarth,St. Bernard's Institute,3.77
Anatola,Tant,Coe College,3.27
Claudette,Oland,University of Puget Sound,3.51
Edita,Bondy,Carleton College,2.22
Eugenia,Chalkly,Comilla University,3.07
Brietta,Font,University of Chemical Technology and Metallurgy,3.99
Jacqueline,Garham,University of Alaska - Anchorage,3.74
Dare,Moreman,Institut Catholique de Toulouse,2.59
Manon,Hellcat,Chongqing Vocational College of Public Transportation,2.55
Florella,Outhwaite,Baylor College of Dentistry,3.28
Mollie,Spaduzza,Hesser College,2.8
Fanny,Crosby,Siauliai University,3.92
Celka,Luckes,National-Louis University,3.31
Michaella,Daynter,Universidad Tecnológica Equinoccial,2.28
Lanna,Gummery,Tamil University,2.77
Ginnie,McGowing,Universidad Autónoma de Tlaxcala,3.09
Rudolf,Bonus,Universiti Kuala Lumpur,3.79
Sena,Pullar,Swiss German University,3.28
Logan,Westcot,Beijing Language and Culture University,3.1
Carlynne,Frizzell,Canakkale (18th March) University,2.04
Lyssa,Hentze,"Royal Danish Academy of Fine Arts, School of Visual Art",3.21
Terrie,Peake,Diaconia University of Applied Sciences,3.92
Erminie,Dionisi,RKDF University,3.98
Tillie,Bilsborrow,Universidade Lusófona de Humanidades e Technologias,3.31
Gilburt,Kemm,Guangxi University,2.52
Thaine,Juares,Kirkwood Community College,3.84
Gregorius,Decort,Centro Universitario Ciudad Vieja,3.88
Davon,Quinet,Takamatsu University,2.08
Gino,Tesmond,Universidad de Nariño,3.28
Carmita,Simmen,Universidade Federal de Sergipe,2.15
Gratia,Rau,Karachi School of Art,3.57
Honey,Alison,Ecole des Hautes Etudes en Gestion Informatique et Communication,2.1
Dolores,Midlane,Parwan University,3.77
Rourke,Foskin,Bates College,2.53
Ashlen,Wogden,University of Ljubljana,2.66
Corrinne,Ertel,Universidad Autónoma de Las Américas,3.77
Paco,Biesinger,Mount Marty College,3.46
Bartholemy,Pherps,National Chiao Tung University,2.08
Mildrid,Karpfen,Muhlenberg College,2.87
Hazel,Gately,Instituto Nacional de Matemática Pura e Aplicada - IMPA,2.72
Keefe,Peris,National Taiwan College of Arts,2.99
Jillana,Pandey,Kursk State Medical University,3.68
Darbie,Clowsley,Universidad Autónoma de Zacatecas,3.44
Aurelia,Monks,Rensselaer Polytechnic Institute,3.45
Shandy,Chyuerton,Kamalolmolk Art & Architecture Higher Education Institute of Noshahr,3.21
Glori,Ivimy,William and Catherine Booth College,3.79
Joshua,Marns,Seikei University,3.47
Conni,Chappell,Georgia State University,2.81
Don,Rarity,Shanghai Customs College,3.91
Suzie,Bemlott,St. Vincent College,2.39
Mozes,Lafflina,Gdynia Maritime Academy,3.66
Lonna,Brine,Kobe International University,2.52
Phedra,Amis,Morris Brown College,3.48
Jo-ann,Baud,Universidade Metodista de Piracicaba,2.09
Stephie,Vassie,Taoist College Singapore,3.22
Lonnie,Jendrassik,Université Thierno Amadou Diallo,2.37
Avis,Breslin,AISECT University,3.43
Bartie,Fer,Université de Metz,2.36
Almeda,Foston,Kansas City Art Institute,2.17
Fidole,Bilbee,"Concordia University, Austin",3.6
Kessiah,Moodie,The Union Institute,2.91
Jed,Silbert,Kalinga University,3.88
Hallie,Kesterton,Fachhochschule für Verwaltung und Rechtspflege Berlin,2.39
Daven,Batsford,New Era University,2.48
Gwen,Brideoke,College of Technology at Dammam,2.53
Kynthia,Nicolls,Harbin University of Science and Technology,3.12
Rhett,Janouch,Australian Catholic University,2.11
Elia,Georgeau,Claremont Graduate University,2.36
Lind,Nissle,Xavier University of Louisiana,2.19
Vittorio,Henri,Balkh University,2.12
Arluene,Patnelli,University of Luxemburg,3.49
Salvidor,Codrington,Universidad de Bologna - Representación en Buenos Aires,2.62
Horten,Wilkisson,"École Polytechnique de Montréal, Université de Montréal",2.83
Joleen,Brassington,Instituto Tecnológico de Aeronáutica,2.94
Onfre,Rennebach,Université Catholique de Lille,2.06
Deborah,Rossbrook,Universiti Malaysia Sabah,3.22
Indira,McGrory,Mahamakut Buddhist University,3.39
Cate,Thyng,Kodolanyi Janos University College,2.41
Maxi,Grimbaldeston,George Washington University,2.4
Trixie,Phillpot,The Art Institute of Boston,3.2
Christoper,Flintoft,Józef Tyszkiewicz College of Business and Computer Science in Bielsko-Biala,2.99
Rheta,Dwane,Mount Kenya University,3.51
Candie,Greenhall,Chongqing Medical University,2.79
Katherine,Vannoni,Universitas Nasional Pasim,3.24
Andromache,Sidgwick,Hawassa University,2.42
Radcliffe,Golton,Frostburg State University,2.21
Fanni,Girodier,University of California System,3.83
Jo ann,Bohlens,University of Twente,3.29
Nial,MacNess,City University,3.2
Judas,Kliche,University of Denver,3.53
Lucia,Gianulli,Universidad Tecnologica de Nezahualcoyotl,2.73
Ursala,Widdup,Chaudhary Charan Singh Haryana Agricultural University,2.17
Tanny,Vockins,University of Florida,2.62
Hillie,Haseldine,Universidad de León,2.67
Alberta,Verheijden,"Universidad ""Adolfo Ibañez""",3.5
Cornelle,Twelftree,University of St. Cyril and Methodius in Trnava,3.75
Calla,Reglar,Kiev Slavonic University,3.99
Matt,Cosins,Northeast University at Qinhuangdao Campus,3.08
Melitta,Bazeley,University of the Immaculate Conception,3.29
Helaina,Sieghard,Ecole National d'Agriculture de Meknes,2.47
Rorie,Harrema,Boise State University,3.09
Currie,Cockman,Kwararafa University,2.37
Merell,Loxley,Hong Kong Baptist University,2.79
Barnard,Althrope,University of Massachusetts at Dartmouth,2.09
Judye,Hellis,Adrian College,2.51
Dominga,Claibourn,National Academy for Physical Education and Sports Bucharest,3.84
Tamarra,Yarnold,"New Era College of Arts, Science & Technology",2.63
Floria,Collis,Universidad Adventista de Chile,3.5
Nichols,Botfield,Azerbaijan Technology University,2.98
Roxine,Burnsall,Aljouf University,3.11
Barnett,Hurley,Ferghana Politechnical Institute,3.36
Merissa,Semiraz,Moscow State Textile University A.N. Kosygin,3.2
Gwenette,Brasted,Polytechnic University,3.86
Edin,Saines,Mount Carmel College of Nursing,2.02
Rosamund,Sporner,San Beda College,2.71
Bern,Burgill,Daito Bunka University,3.74
Alair,Shovelton,Morningside College,3.58
Rosalia,Tabor,Thammasat University,2.98
Vinnie,Graser,University of Western Sydney,3.02
Lorri,McKiddin,"King's College London, University of London",2.77
Vikki,Nisot,Universidad Americana,3.55
Joletta,Hane,"Islamic Azad University, Mashhad",2.76
Culley,Coucher,Aria Institute of Higher Education,2.17
Lilian,Griniov,"Evangelische Theologische Faculteit, Leuven",3.05
Tess,Prise,Universidad Nacional de Ucayali,3.0
Pen,Pankethman,Graduate Theological Union,2.81
Imogene,Leynton,"Schiller International University, American College of Switzerland",3.6
Hilde,Streak,Phillips-Universität Marburg,3.43
Siward,Petr,Central Institute of Fisheries Education,3.05
Dani,Scramage,Ecole Nationale Supérieure de Chimie de Mulhouse,2.36
Ursala,Bartke,Middle Tennessee State University,3.04
Kermit,Pernell,University of Western Ontario,3.57
Jesselyn,Raleston,Chongqing Normal University Foreign Trade and Business College,3.79
Mickie,Davson,Staatliche Hochschule für Musik,2.34
Wildon,Pitkeathley,Bangkok University,3.55
Roselia,Blaylock,Mount St. Mary's College Maryland,2.1
Hope,Garrity,Katholieke Universiteit Leuven,3.63
Eve,Mapples,"Bowling Green State University, Firelands",3.36
Kathrine,Pate,Universitas Katolik Soegijapranoto,2.02
Wash,Holston,"COMSATS Institute of Information Technology, Attock",2.68
Mel,Matokhnin,Tainan National College of the Arts,2.31
Agata,Standering,University of Agriculture Abeokuta,3.77
Brandie,Franceschielli,American University of Beirut,3.1
Sydney,Marsy,Lalit Narayan Mithila University,2.29
Lian,Gerling,Stevens Institute of Technology,2.2
Stefan,Alcalde,Escuela Politécnica Nacional,2.19
Torrie,Spiteri,Yasuda Women's University,3.74
Linnell,Berrygun,Finnmark University College,3.82
Mar,Grelik,University of Eldoret,3.95
Claudine,Coen,Institut Supérieur de Gestion de Tunis,2.53
Stanwood,Lewing,Fiji National University ,2.73
Eloise,Wyldes,John Wesley College,3.51
Lark,Challoner,Rizal Technological University,2.32
Dory,Farmer,Kuala Lumpur Infrastructure University College,3.9
Spike,Carren,Felician College,3.22
Evey,Berling,"National Museum Institute of History of Art, Conservation and Museology",3.31
Sherri,Satcher,Hartford Graduate Center (Rensselaer at Hartford),2.04
Sutherland,Barlthrop,Darton College,3.04
Bel,Ennion,Southwest Petroleum University,3.98
Bing,Sommerscales,Yuan Ze University,2.46
Somerset,Ciccarello,Sri Padmavati Women's University,2.27
Arielle,Pietersen,"Hochschule für Bankwirtschaft (HfB), Private Fachhochschule der Bankakademie",2.07
Juliette,Rao,"Institue of Technology, Tralee",2.99
Gwenni,Bittlestone,Academy of Arts,2.04
Baldwin,Bockmann,Griffith University,2.59
Enriqueta,Walles,Shanghai City College,2.0
Netta,Persence,Berea College,2.29
Bobbie,Wimlett,Gombe State University,3.55
Maddy,Dunlap,University of Birmingham,2.06
Orion,McMonnies,Ohio University - Zanesville,2.79
Thorndike,Vasyunichev,St. Pauls University,3.94
Mercy,Brady,Halmstad University College,3.05
Jacquenette,Redmile,Maranatha Baptist Bible College,3.31
Cathi,Ekins,Houston Baptist University,3.75
Daisie,Warmington,Providence University,3.75
Kellby,Frantzen,Massachusetts College of Art,3.17
Alyssa,MacCarter,Chengdu Institute of Sichuan International Studies University,2.93
Jamil,Lindenfeld,Sakhalin State University,2.97
Tamara,Seggie,Athens University of Economics and Business,2.42
Thornton,Kirvin,National Pirogov Memorial Medical University,3.24
Whitney,Roberts,Birjand University,2.9
Gweneth,Mattersley,"Institute of Commonwealth Studies, University of London",2.34
Bern,Blackaller,Kyoto Sangyo University,2.63
Emmeline,Bussens,Tunku Abdul Rahman University (Chinese University),3.2
Tandie,Greenier,Ecole Supérieure d'Ingénieurs en Electronique et Electrotechnique,3.84
Liam,Jados,Universidad Isaac Newton,3.01
Francis,Mellem,Tehran University of Teacher Training,3.77
Regine,Jaffray,Taj Institute of Higher Education,3.17
Owen,Osborne,University of Western Macedonia,2.57
Felizio,Ginie,Nazareth College,2.56
Hugh,Gillmor,Universidad Nacional,2.84
Rebeca,Haggas,Ecole Catholique d'Arts & Metiers,2.01
Roseline,Lauga,West Minster International College,3.45
Lennie,Thorley,National Open University,3.08
Melodie,Hrishchenko,Norwegian School of Management BI,2.31
Donavon,Deane,Université Lumiére (Lyon II),2.24
Loni,Massimi,Universität Osnabrück,3.0
Clea,Fardell,William Mitchell College of Law,2.33
Alf,Repper,Mountain State University,2.39
Dorise,MacRonald,Kamrah International Institute of Technology (KIIT),2.71
Garfield,Beange,Hawaii Pacific University,2.01
Corenda,Copelli,Pomorsk State University,3.81
Clywd,Whiten,Shaoguan University,3.42
Pace,Sperrett,University of El Imam El Mahdi University,3.26
Colby,Gilbane,Central European University,2.61
Irene,Lefever,Istituto Universitario di Studi Superiori,2.27
Shalom,Bilt,Universidad San Sebastian,2.19
Cami,Heisler,Paier College of Art,3.78
Patrice,Evert,Rajiv Gandhi Technical University (University of Technology of Madhya Pradesh),2.54
Carlie,Cowley,Universidad Cristiana de las Asambleas de Dios,3.61
Sigvard,Broun,"University of Maine, Machias",3.69
Carilyn,Matuszinski,Belarussian State Academy of Music,3.9
Merrily,Yellowlee,United States Merchant Marine Academy,2.41
Gauthier,Euler,Missouri Southern State College,2.39
Jsandye,Maudlen,Ateneo de Manila University,2.1
Rodrick,Redolfi,Kean University of New Jersey,3.01
Lilyan,Cortez,Bircham International University,3.53
Fionna,Winmill,Universität Mozarteum Salzburg,3.58
Ulysses,Warstall,Friends University,2.02
Lukas,Cullerne,University of California System,2.62
Arty,Beaglehole,Southwest Baptist University,3.07
Cherye,Tatchell,Trinity International University,3.37
Lek,Potebury,Manchester College,3.06
Matthaeus,Vaun,Rheinisch Westfälische Technische Hochschule Aachen,2.14
Octavia,Staner,American University,3.15
Kip,Gallyon,Universidad Privada Antenor Orrego,2.37
Hanna,Langstaff,Dogus University,3.67
Rurik,Charlton,International Hellenic University,3.56
Robbyn,Bourley,Belarussian State University of Transport,3.6
Bobbette,Cullivan,Swedish University of Agricultural Sciences,2.16
Lonnie,Rossander,Université de Thiès,3.5
Wilmar,Dowman,Wright Institute,3.67
Patsy,Laugherane,Zabol University,3.1
Forest,Cometti,Universidad Dominico-Americana,2.47
Alfons,Tendahl,Volgograd State Pedagogical University,2.04
Wendel,Broxton,New England College,2.26
Grantley,Adamowicz,Sabaragamuwa University of Sri Lanka,3.35
Kin,Bruins,University of Malta,3.4
Wyndham,Phython,"Université du Sud, Toulon et Var",2.71
Maude,Haigh,Universidad Comunera,3.49
Shani,Cowpe,Dongbei University of Finance And Economics,2.84
Dillie,Tremollet,Universidade Estadual do Maranhão,3.61
Kit,Brundill,Saga Medical School,3.85
Tomaso,Strathdee,Moscow State University of Environmental Engineering,3.33
Donnamarie,Iannini,Staatlich anerkannte Fachhochschule für Kunsttherapie,2.85
